-- =====================================================
-- PAKISTAN BAZAAR - ACTUAL DATA BACKUP
-- =====================================================
-- Created: 2025-08-02T20:46:53.888Z
-- Description: Real data extracted from Supabase database
-- Live Demo: https://shop-pakistan.vercel.app/

-- =====================================================
-- CATEGORIES DATA
-- =====================================================

INSERT INTO public.categories (id, name, description, image_url, created_at) VALUES ('f0c9a34c-2b61-40e1-989b-092fbcac8216', 'Electronics', 'Latest electronic gadgets and devices', 'https://images.unsplash.com/photo-1498049794561-7780e7231661?w=400', '2025-07-20T13:24:54.333391+00:00');
INSERT INTO public.categories (id, name, description, image_url, created_at) VALUES ('46c034ce-922d-4150-b13e-5bc0edfa17e7', 'Fashion', 'Trendy clothing and accessories', 'https://images.unsplash.com/photo-1441986300917-64674bd600d8?w=400', '2025-07-20T13:24:54.333391+00:00');
INSERT INTO public.categories (id, name, description, image_url, created_at) VALUES ('51b83c73-34f4-42fc-a86f-3c32752fc774', 'Home & Garden', 'Home decor and gardening supplies', 'https://images.unsplash.com/photo-1586023492125-27b2c045efd7?w=400', '2025-07-20T13:24:54.333391+00:00');
INSERT INTO public.categories (id, name, description, image_url, created_at) VALUES ('e0127612-65d8-49cf-9874-bcac15c56f29', 'Sports', 'Sports equipment and fitness gear', 'https://images.unsplash.com/photo-1571019613454-1cb2f99b2d8b?w=400', '2025-07-20T13:24:54.333391+00:00');
INSERT INTO public.categories (id, name, description, image_url, created_at) VALUES ('4341e691-d7bd-4047-9f4c-fad5e641f296', 'Books', 'Books, magazines, and educational materials', 'https://images.unsplash.com/photo-1481627834876-b7833e8f5570?w=400', '2025-07-20T13:24:54.333391+00:00');

-- =====================================================
-- PRODUCTS DATA
-- =====================================================

INSERT INTO public.products (id, name, description, price, image_url, category_id, seller_id, stock_quantity, is_active, created_at, updated_at) VALUES ('910d4b3a-f59f-49fa-86a0-151615fe0957', 'FlowSound Pro Wired & Wireless Over-Ear Headphones', 'Elevate your audio experience with the FlowSound Pro Wired & Wireless Over-Ear Headphones. These versatile headphones offer the flexibility of both wired and wireless connectivity, ensuring uninterrupted listening no matter your device. They feature a comfortable over-ear design with soft, cushioned earcups for extended wear, and come complete with both a standard 3.5mm audio cable and a lightning connector cable for broad compatibility. Crafted in sleek black, these headphones deliver exceptional sound quality and convenience for discerning audiophiles and everyday listeners alike.', 18000, 'https://djnrvyyassoosqtaoynk.supabase.co/storage/v1/object/public/product-images/product-images/910d4b3a-f59f-49fa-86a0-151615fe0957-1754129600725.png', 'f0c9a34c-2b61-40e1-989b-092fbcac8216', '4db2a3d1-4e06-432b-911d-3e76b900e4e3', 18, true, '2025-08-02T09:37:23.812423+00:00', '2025-08-02T11:44:57.270939+00:00');
INSERT INTO public.products (id, name, description, price, image_url, category_id, seller_id, stock_quantity, is_active, created_at, updated_at) VALUES ('5e193da6-c646-4dd7-b3db-e0516b9aac9c', 'ArtFlow Wireless Charging Pad', 'Seamlessly blend technology with artistry with the ArtFlow Wireless Charging Pad. This sleek, square black charging pad features a minimalist design that complements its abstract, continuous-line art background. Ideal for modern spaces, it provides efficient and clutter-free power for your compatible devices. Simply place your phone or earbuds on the pad for a convenient charge, turning a functional item into a subtle piece of contemporary decor.', 4500, 'https://djnrvyyassoosqtaoynk.supabase.co/storage/v1/object/public/product-images/product-images/5e193da6-c646-4dd7-b3db-e0516b9aac9c-1754129621573.png', 'f0c9a34c-2b61-40e1-989b-092fbcac8216', '4db2a3d1-4e06-432b-911d-3e76b900e4e3', 35, true, '2025-08-02T09:37:23.812423+00:00', '2025-08-02T11:44:57.270939+00:00');
INSERT INTO public.products (id, name, description, price, image_url, category_id, seller_id, stock_quantity, is_active, created_at, updated_at) VALUES ('683a0ff5-92a9-45a2-9fde-34f7f00d4c2e', 'FirstViewo Countertop Blender with Glass Jar', 'Achieve perfect blends every time with the FirstViewo Countertop Blender. This powerful and sleek appliance features a robust motor housed in a clean white and black base, complemented by a durable glass blending jar. Ideal for smoothies, sauces, soups, and more, its intuitive dial control allows for precise speed adjustments. Surrounded by fresh fruits and vegetables, this blender is ready to help you create delicious and healthy concoctions with ease.', 18000, 'https://djnrvyyassoosqtaoynk.supabase.co/storage/v1/object/public/product-images/product-images/683a0ff5-92a9-45a2-9fde-34f7f00d4c2e-1754128110039.png', 'f0c9a34c-2b61-40e1-989b-092fbcac8216', '4db2a3d1-4e06-432b-911d-3e76b900e4e3', 15, true, '2025-08-02T09:37:23.812423+00:00', '2025-08-02T11:44:57.270939+00:00');
INSERT INTO public.products (id, name, description, price, image_url, category_id, seller_id, stock_quantity, is_active, created_at, updated_at) VALUES ('8a8d85f2-c29d-477a-8e8e-63f9a3dfe079', 'Elegant Straw Sun Hat with Floral Ribbon', 'Embrace the sunshine in sophisticated style with our Elegant Straw Sun Hat. This beautifully crafted hat features a classic wide brim and a tightly woven straw design, providing excellent sun protection. Adorned with a charming floral ribbon in soft hues of pink, cream, and green, tied in a graceful bow, it adds a touch of feminine elegance to your warm-weather ensemble. Perfect for beach days, garden parties, or simply enjoying the outdoors.', 1200, 'https://djnrvyyassoosqtaoynk.supabase.co/storage/v1/object/public/product-images/product-images/8a8d85f2-c29d-477a-8e8e-63f9a3dfe079-1754129641098.jpg', '46c034ce-922d-4150-b13e-5bc0edfa17e7', '4db2a3d1-4e06-432b-911d-3e76b900e4e3', 40, true, '2025-08-02T09:37:23.812423+00:00', '2025-08-02T11:44:57.270939+00:00');
INSERT INTO public.products (id, name, description, price, image_url, category_id, seller_id, stock_quantity, is_active, created_at, updated_at) VALUES ('bf7ba2ba-838e-45d1-ba49-af118bf91f10', 'Blush Pink Round Frame Sunglasses', 'Step out in chic style with our Blush Pink Round Frame Sunglasses. These fashionable shades feature a contemporary round frame in a delicate blush pink hue, perfectly complemented by gradient brown lenses. The unique stud details at the temples add a subtle edgy touch. Lightweight and comfortable, these sunglasses are ideal for adding a soft, yet statement-making accent to your spring and summer wardrobe.', 2800, 'https://djnrvyyassoosqtaoynk.supabase.co/storage/v1/object/public/product-images/product-images/bf7ba2ba-838e-45d1-ba49-af118bf91f10-1754129682328.png', '46c034ce-922d-4150-b13e-5bc0edfa17e7', '4db2a3d1-4e06-432b-911d-3e76b900e4e3', 30, true, '2025-08-02T09:37:23.812423+00:00', '2025-08-02T11:44:57.270939+00:00');
INSERT INTO public.products (id, name, description, price, image_url, category_id, seller_id, stock_quantity, is_active, created_at, updated_at) VALUES ('443ff872-0c5e-4cfc-95eb-5290acaa6d87', 'Classic Tortoiseshell Wayfarer Sunglasses', 'Shield your eyes with timeless style with our Classic Tortoiseshell Wayfarer Sunglasses. These iconic shades feature a rich, mottled tortoiseshell frame and sophisticated dark lenses that offer both UV protection and a cool, understated look. The classic design is universally flattering, making them a perfect accessory for any outfit and any occasion, from a day at the beach to urban exploration.', 3500, 'https://djnrvyyassoosqtaoynk.supabase.co/storage/v1/object/public/product-images/product-images/443ff872-0c5e-4cfc-95eb-5290acaa6d87-1754129887126.jpg', '46c034ce-922d-4150-b13e-5bc0edfa17e7', '4db2a3d1-4e06-432b-911d-3e76b900e4e3', 25, true, '2025-08-02T09:37:23.812423+00:00', '2025-08-02T11:44:57.270939+00:00');
INSERT INTO public.products (id, name, description, price, image_url, category_id, seller_id, stock_quantity, is_active, created_at, updated_at) VALUES ('79dadffc-974e-4cce-8c92-a654330d7402', 'Classic Minimalist Rose Gold & Tan Leather Watch', 'Elegance meets simplicity with our Classic Minimalist Rose Gold & Tan Leather Watch. This timeless timepiece features a clean, white dial with subtle rose gold hour markers and hands, encased in a polished rose gold-tone frame. The genuine tan leather strap offers comfortable wear and a sophisticated contrast, making it a versatile accessory for both everyday wear and special occasions. Perfect for those who appreciate understated luxury and classic design.', 8500, 'https://djnrvyyassoosqtaoynk.supabase.co/storage/v1/object/public/product-images/product-images/79dadffc-974e-4cce-8c92-a654330d7402-1754129715660.png', 'f0c9a34c-2b61-40e1-989b-092fbcac8216', '4db2a3d1-4e06-432b-911d-3e76b900e4e3', 15, true, '2025-08-02T09:37:23.812423+00:00', '2025-08-02T11:44:57.270939+00:00');
INSERT INTO public.products (id, name, description, price, image_url, category_id, seller_id, stock_quantity, is_active, created_at, updated_at) VALUES ('48a70931-4665-4cb9-b7a4-7d5eeeac65d1', 'Golden Hour Round Frame Sunglasses', 'Add a playful and stylish touch to your look with our Golden Hour Round Frame Sunglasses. These charming shades feature a translucent amber frame and warm, tinted lenses that evoke the cozy glow of sunset. While playfully displayed on a bed of fries, these sunglasses are designed for everyday wear, offering a fashionable accessory that complements a variety of face shapes and adds a pop of warm color to any outfit.', 3200, 'https://djnrvyyassoosqtaoynk.supabase.co/storage/v1/object/public/product-images/product-images/48a70931-4665-4cb9-b7a4-7d5eeeac65d1-1754129740302.png', '46c034ce-922d-4150-b13e-5bc0edfa17e7', '4db2a3d1-4e06-432b-911d-3e76b900e4e3', 22, true, '2025-08-02T09:37:23.812423+00:00', '2025-08-02T11:44:57.270939+00:00');
INSERT INTO public.products (id, name, description, price, image_url, category_id, seller_id, stock_quantity, is_active, created_at, updated_at) VALUES ('49a64fed-b462-49f6-98a8-eddcbbeaecfb', 'Bamboo Cutting Board & Essential Knife Set', 'Equip your kitchen with our practical and stylish Bamboo Cutting Board & Essential Knife Set. This set includes two durable bamboo cutting boards – one large for general prep and a smaller one for quick tasks – both featuring a convenient juice groove. Paired with a trio of sharp, professional-grade stainless steel knives (chef''s, utility, and paring), this collection provides the fundamental tools for efficient and precise slicing, dicing, and chopping. The natural beauty of bamboo makes this set a functional and aesthetic addition to any kitchen.', 4200, 'https://djnrvyyassoosqtaoynk.supabase.co/storage/v1/object/public/product-images/product-images/49a64fed-b462-49f6-98a8-eddcbbeaecfb-1754128078465.png', '51b83c73-34f4-42fc-a86f-3c32752fc774', '4db2a3d1-4e06-432b-911d-3e76b900e4e3', 25, true, '2025-08-02T09:37:23.812423+00:00', '2025-08-02T11:44:57.270939+00:00');
INSERT INTO public.products (id, name, description, price, image_url, category_id, seller_id, stock_quantity, is_active, created_at, updated_at) VALUES ('ad463aeb-6191-400f-b42b-9118623849db', 'Amber Glow Scented Candle', 'Unwind and create a cozy ambiance with the Amber Glow Scented Candle. Encased in a chic, dark amber glass jar, this candle casts a warm, inviting light as its flame dances. The minimalist label suggests a sophisticated fragrance, perfect for enhancing relaxation, setting a mood, or adding a touch of elegance to any room. Its subtle glow and inviting aroma make it an ideal addition to your living space, bedroom, or bathroom.', 1200, 'https://djnrvyyassoosqtaoynk.supabase.co/storage/v1/object/public/product-images/product-images/ad463aeb-6191-400f-b42b-9118623849db-1754129701291.png', '51b83c73-34f4-42fc-a86f-3c32752fc774', '4db2a3d1-4e06-432b-911d-3e76b900e4e3', 40, true, '2025-08-02T09:37:23.812423+00:00', '2025-08-02T11:44:57.270939+00:00');
INSERT INTO public.products (id, name, description, price, image_url, category_id, seller_id, stock_quantity, is_active, created_at, updated_at) VALUES ('38a13f3e-39eb-4895-9173-82a1534ee844', 'Modern Walnut Wall-Mounted Display Shelf', 'Maximize your space with the Modern Walnut Wall-Mounted Display Shelf. Crafted from rich, dark walnut-finished wood, this elegant two-tier shelf provides a stylish solution for organizing and displaying your favorite books, small plants, or decorative accents. Its clean lines and compact design make it perfect for adding functional storage and a touch of warmth to living rooms, bedrooms, offices, or hallways, without occupying valuable floor space.', 6500, 'https://djnrvyyassoosqtaoynk.supabase.co/storage/v1/object/public/product-images/product-images/38a13f3e-39eb-4895-9173-82a1534ee844-1754128257019.png', '51b83c73-34f4-42fc-a86f-3c32752fc774', '4db2a3d1-4e06-432b-911d-3e76b900e4e3', 18, true, '2025-08-02T09:37:23.812423+00:00', '2025-08-02T11:44:57.270939+00:00');
INSERT INTO public.products (id, name, description, price, image_url, category_id, seller_id, stock_quantity, is_active, created_at, updated_at) VALUES ('3eaf5b14-5285-44fa-ac8e-5c0a42bd56b8', 'Assorted Modern Succulent & Houseplant Collection', 'Bring the beauty of nature indoors with our Assorted Modern Succulent & Houseplant Collection. This curated set features a variety of low-maintenance, vibrant green plants, including a tall snake plant, a unique gasteria, and a spiky aloe, each potted in stylish white or natural-toned ceramic containers of various shapes and textures. Perfect for adding a touch of greenery to any room, these plants are easy to care for and contribute to a fresh, inviting atmosphere in your home or office.', 3200, 'https://djnrvyyassoosqtaoynk.supabase.co/storage/v1/object/public/product-images/product-images/3eaf5b14-5285-44fa-ac8e-5c0a42bd56b8-1754129555281.png', '51b83c73-34f4-42fc-a86f-3c32752fc774', '4db2a3d1-4e06-432b-911d-3e76b900e4e3', 25, true, '2025-08-02T09:37:23.812423+00:00', '2025-08-02T11:44:57.270939+00:00');
INSERT INTO public.products (id, name, description, price, image_url, category_id, seller_id, stock_quantity, is_active, created_at, updated_at) VALUES ('28b9ed85-ab24-46ca-a5c5-88777698decd', 'Compact & Portable Outdoor Picnic Blanket', 'Enjoy outdoor leisure with ease with our Compact & Portable Outdoor Picnic Blanket. This versatile blanket features a comfortable, textured grey top surface and a durable black waterproof backing, ensuring you stay dry and comfortable on grass, sand, or any outdoor terrain. It conveniently folds and rolls into a compact, carry-friendly size, complete with straps and a separate small pouch for essentials. Perfect for picnics, beach trips, concerts, camping, or any outdoor activity where comfort and portability are key.', 2500, 'https://djnrvyyassoosqtaoynk.supabase.co/storage/v1/object/public/product-images/product-images/28b9ed85-ab24-46ca-a5c5-88777698decd-1754129757394.jpg', '51b83c73-34f4-42fc-a86f-3c32752fc774', '4db2a3d1-4e06-432b-911d-3e76b900e4e3', 50, true, '2025-08-02T09:37:23.812423+00:00', '2025-08-02T11:44:57.270939+00:00');
INSERT INTO public.products (id, name, description, price, image_url, category_id, seller_id, stock_quantity, is_active, created_at, updated_at) VALUES ('01160f09-d6d2-43f2-9616-b24384c0b9dc', 'Reusable Mesh Wire Market Basket with Produce Bags', 'Shop smart and sustainably with our Reusable Mesh Wire Market Basket, complete with convenient cotton produce bags. This stylish and sturdy black wire basket provides ample space for your farmers'' market finds, while the included natural cotton drawstring bags are perfect for separating fruits, vegetables, and other bulk items, eliminating the need for single-use plastic bags. An ideal solution for eco-conscious shoppers, this set makes grocery runs more organized, environmentally friendly, and stylish.', 1800, 'https://djnrvyyassoosqtaoynk.supabase.co/storage/v1/object/public/product-images/product-images/01160f09-d6d2-43f2-9616-b24384c0b9dc-1754129790684.jpg', '51b83c73-34f4-42fc-a86f-3c32752fc774', '4db2a3d1-4e06-432b-911d-3e76b900e4e3', 35, true, '2025-08-02T09:37:23.812423+00:00', '2025-08-02T11:44:57.270939+00:00');
INSERT INTO public.products (id, name, description, price, image_url, category_id, seller_id, stock_quantity, is_active, created_at, updated_at) VALUES ('b9214a13-f670-4ae7-a336-6fd51ce42005', 'Boho Geometric Woven Throw Blanket', 'Add a touch of artisanal charm to your living space with this beautiful Boho Geometric Woven Throw Blanket. Crafted with a thick, textured weave, it features a striking pattern of bold diamonds and scattered rectangular motifs in contrasting shades of charcoal and off-white. The natural fringed edges add a tactile and cozy element. Perfect for draping over a sofa, armchair, or at the foot of a bed, this versatile blanket provides warmth and enhances your home decor with its unique, handcrafted aesthetic. It can also be used as a decorative wall hanging to bring warmth and texture to any room.', 4500, 'https://djnrvyyassoosqtaoynk.supabase.co/storage/v1/object/public/product-images/product-images/b9214a13-f670-4ae7-a336-6fd51ce42005-1754129822282.jpg', '51b83c73-34f4-42fc-a86f-3c32752fc774', '4db2a3d1-4e06-432b-911d-3e76b900e4e3', 28, true, '2025-08-02T09:37:23.812423+00:00', '2025-08-02T11:44:57.270939+00:00');
INSERT INTO public.products (id, name, description, price, image_url, category_id, seller_id, stock_quantity, is_active, created_at, updated_at) VALUES ('8c05c0ed-bd00-40f5-9332-7abdfe7407cd', 'CrispPro Digital Air Fryer', 'Enjoy your favorite fried foods with less oil and more flavor using the CrispPro Digital Air Fryer. This sleek, compact appliance in a glossy black finish features a user-friendly digital interface with preset cooking functions and a precise temperature control dial. Its spacious basket, visible with a tempting batch of golden fries, ensures even cooking and crispy results. Perfect for healthier frying, roasting, baking, and grilling, the CrispPro is an essential addition to any modern kitchen.', 35000, 'https://djnrvyyassoosqtaoynk.supabase.co/storage/v1/object/public/product-images/product-images/8c05c0ed-bd00-40f5-9332-7abdfe7407cd-1754128154836.png', 'f0c9a34c-2b61-40e1-989b-092fbcac8216', '4db2a3d1-4e06-432b-911d-3e76b900e4e3', 12, true, '2025-08-02T09:37:23.812423+00:00', '2025-08-02T11:44:57.270939+00:00');
INSERT INTO public.products (id, name, description, price, image_url, category_id, seller_id, stock_quantity, is_active, created_at, updated_at) VALUES ('cd8762c2-71a9-40c7-8fd5-91b4eda32149', 'FlowSound Comfort Over-Ear Headphones (Black)', 'Immerse yourself in pure audio with the FlowSound Comfort Over-Ear Headphones. Engineered for superior sound quality and all-day comfort, these headphones feature plush, cushioned earcups and an adjustable headband for a perfect fit. Their sleek, all-black design offers a sophisticated and versatile look, while the minimalist branding on the earcup adds a subtle touch of style. Experience rich bass, clear highs, and passive noise isolation for an unparalleled listening experience, whether you''re at home or on the go.', 12000, 'https://djnrvyyassoosqtaoynk.supabase.co/storage/v1/object/public/product-images/product-images/cd8762c2-71a9-40c7-8fd5-91b4eda32149-1754128183429.png', 'f0c9a34c-2b61-40e1-989b-092fbcac8216', '4db2a3d1-4e06-432b-911d-3e76b900e4e3', 20, true, '2025-08-02T09:37:23.812423+00:00', '2025-08-02T11:44:57.270939+00:00');
INSERT INTO public.products (id, name, description, price, image_url, category_id, seller_id, stock_quantity, is_active, created_at, updated_at) VALUES ('4849e4a0-2a7c-4b56-b572-07d3187f28a5', 'Whimsical Floral Biodegradable Paper Straws (Assorted)', 'Sip sustainably and stylishly with our Whimsical Floral Biodegradable Paper Straws. This charming assortment features a variety of delicate floral and geometric patterns in soft, inviting colors like blue, yellow, pink, and green. Made from eco-friendly paper, these straws are a perfect alternative to plastic, helping you reduce your environmental footprint without compromising on fun. Ideal for parties, picnics, everyday drinks, or adding a festive touch to any beverage, they come neatly presented in a classic glass jar, ready for use.', 800, 'https://djnrvyyassoosqtaoynk.supabase.co/storage/v1/object/public/product-images/product-images/4849e4a0-2a7c-4b56-b572-07d3187f28a5-1754129573007.jpg', '51b83c73-34f4-42fc-a86f-3c32752fc774', '4db2a3d1-4e06-432b-911d-3e76b900e4e3', 60, true, '2025-08-02T09:37:23.812423+00:00', '2025-08-02T11:44:57.270939+00:00');
INSERT INTO public.products (id, name, description, price, image_url, category_id, seller_id, stock_quantity, is_active, created_at, updated_at) VALUES ('1c986d07-2b07-4228-a4bb-2e7b64962394', 'Minimalist Matte Pink Insulated Water Bottle', 'Hydrate in style with the Minimalist Matte Pink Insulated Water Bottle. This sleek and elegant bottle features a smooth, matte pink finish and a classic stainless steel cap, offering a sophisticated look for everyday use. Its double-wall insulation keeps your drinks perfectly chilled or hot for hours, making it ideal for the gym, office, or your daily adventures. Crafted from durable materials, this bottle is a reusable and stylish choice for staying refreshed on the go.', 2200, 'https://djnrvyyassoosqtaoynk.supabase.co/storage/v1/object/public/product-images/product-images/1c986d07-2b07-4228-a4bb-2e7b64962394-1754129804106.jpg', 'e0127612-65d8-49cf-9874-bcac15c56f29', '4db2a3d1-4e06-432b-911d-3e76b900e4e3', 45, true, '2025-08-02T09:37:23.812423+00:00', '2025-08-02T11:44:57.270939+00:00');
INSERT INTO public.products (id, name, description, price, image_url, category_id, seller_id, stock_quantity, is_active, created_at, updated_at) VALUES ('2c53854a-086b-4bf3-a56c-54269ee02141', 'Eco-Chic Bamboo Wireless Keyboard & Mouse Set', 'Elevate your workspace with the Eco-Chic Bamboo Wireless Keyboard & Mouse Set. This stylish and sustainable duo features a sleek, natural bamboo keyboard base with crisp white keys, offering a unique blend of modern design and eco-conscious craftsmanship. The accompanying ergonomic white wireless mouse provides smooth and precise navigation. Perfect for those who appreciate natural materials and a minimalist aesthetic, this set brings a touch of warmth and sophistication to any desk setup while promoting a more sustainable lifestyle.', 8500, 'https://djnrvyyassoosqtaoynk.supabase.co/storage/v1/object/public/product-images/product-images/2c53854a-086b-4bf3-a56c-54269ee02141-1754128204259.jpg', 'f0c9a34c-2b61-40e1-989b-092fbcac8216', '4db2a3d1-4e06-432b-911d-3e76b900e4e3', 30, true, '2025-08-02T09:37:23.812423+00:00', '2025-08-02T11:44:57.270939+00:00');
INSERT INTO public.products (id, name, description, price, image_url, category_id, seller_id, stock_quantity, is_active, created_at, updated_at) VALUES ('c956a10e-1b7d-4352-86e7-7a3d5890066a', 'Panoramic Display Smartphone', 'Immerse yourself in a world of vibrant visuals with the Panoramic Display Smartphone. Featuring an expansive, edge-to-edge screen, this device showcases stunning landscapes, crystal-clear videos, and vivid photos with exceptional clarity and color. Its sleek design and modern aesthetics make it a pleasure to hold and use. Stay connected, capture breathtaking moments, and enjoy all your digital content on this high-performance smartphone.', 35000, 'https://djnrvyyassoosqtaoynk.supabase.co/storage/v1/object/public/product-images/product-images/c956a10e-1b7d-4352-86e7-7a3d5890066a-1754128225545.jpg', 'f0c9a34c-2b61-40e1-989b-092fbcac8216', '4db2a3d1-4e06-432b-911d-3e76b900e4e3', 15, true, '2025-08-02T09:37:23.812423+00:00', '2025-08-02T11:44:57.270939+00:00');
INSERT INTO public.products (id, name, description, price, image_url, category_id, seller_id, stock_quantity, is_active, created_at, updated_at) VALUES ('d1c78b74-80d4-4f24-b671-d94456555d87', 'EcoCharge Foldable Solar Power Bank', 'Harness the power of the sun wherever you go with the EcoCharge Foldable Solar Power Bank. This innovative and compact charger is designed for the modern adventurer, ensuring your devices stay powered even when off the grid. Featuring highly efficient monocrystalline solar panels, the EcoCharge effortlessly converts sunlight into reliable energy, making it an ideal companion for camping, hiking, travel, or everyday emergencies. Its unique foldable design allows for maximum portability, easily fitting into your backpack or bag. The durable, vibrant casing (available in striking teal/orange, blue, and red) not only protects the internal components but also adds a touch of style to your tech gear. Equipped with a standard USB output, it''s compatible with a wide range of devices, including smartphones (as seen charging in the image), tablets, and other USB-powered gadgets. The EcoCharge also features an intuitive charging indicator, so you always know when your device is receiving power. Whether you''re an outdoor enthusiast or simply looking for a sustainable and reliable charging solution, the EcoCharge Foldable Solar Power Bank offers convenience, efficiency, and peace of mind. Stay connected, stay charged, the eco-friendly way.', 15000, 'https://djnrvyyassoosqtaoynk.supabase.co/storage/v1/object/public/product-images/product-images/d1c78b74-80d4-4f24-b671-d94456555d87-1754128237606.jpg', 'f0c9a34c-2b61-40e1-989b-092fbcac8216', '4db2a3d1-4e06-432b-911d-3e76b900e4e3', 25, true, '2025-08-02T09:37:23.812423+00:00', '2025-08-02T11:44:57.270939+00:00');
INSERT INTO public.products (id, name, description, price, image_url, category_id, seller_id, stock_quantity, is_active, created_at, updated_at) VALUES ('b1ebe4d0-2b53-45a7-a0c0-f2ea68bfcec8', 'Adventure Art Insulated Water Bottle (Teal)', 'Stay hydrated and express your unique style with the Adventure Art Insulated Water Bottle. This vibrant teal bottle features a playful and colorful graphic design, combining abstract shapes with a whimsical character illustration. Crafted from durable stainless steel, it''s designed to keep your beverages cold for hours, making it perfect for daily commutes, gym sessions, outdoor adventures, or just staying refreshed throughout the day. The convenient loop cap allows for easy carrying or attachment to your bag.', 2400, 'https://djnrvyyassoosqtaoynk.supabase.co/storage/v1/object/public/product-images/product-images/b1ebe4d0-2b53-45a7-a0c0-f2ea68bfcec8-1754129847128.jpg', 'e0127612-65d8-49cf-9874-bcac15c56f29', '4db2a3d1-4e06-432b-911d-3e76b900e4e3', 32, true, '2025-08-02T09:37:23.812423+00:00', '2025-08-02T11:44:57.270939+00:00');

-- =====================================================
-- ORDERS DATA
-- =====================================================

-- No orders data found

-- =====================================================
-- ORDER ITEMS DATA
-- =====================================================

-- No order items data found

-- =====================================================
-- CART ITEMS DATA
-- =====================================================

-- No cart items data found

-- =====================================================
-- PROFILES DATA
-- =====================================================

-- No profiles data found

-- =====================================================
-- DISCOUNT CODES DATA
-- =====================================================

INSERT INTO discount_codes (id, code, type, value, min_amount, max_discount, description, is_active, usage_limit, usage_count, valid_from, valid_until, created_at, updated_at) VALUES ('379593ac-5987-4545-85f7-97fe05b77ffd', 'WELCOME10', 'percentage', 10, 1000, NULL, '10% off for new customers', true, 1000, 0, '2025-08-01T14:09:11.332371+00:00', '2024-12-31T23:59:59+00:00', '2025-08-01T14:09:11.332371+00:00', '2025-08-01T14:09:11.332371+00:00');
INSERT INTO discount_codes (id, code, type, value, min_amount, max_discount, description, is_active, usage_limit, usage_count, valid_from, valid_until, created_at, updated_at) VALUES ('4db25a91-6849-456c-b6a1-8ed4364a3ad2', 'FREESHIP', 'fixed', 500, 2000, NULL, 'Rs. 500 off on orders above Rs. 2000', true, 500, 0, '2025-08-01T14:09:11.332371+00:00', '2024-11-30T23:59:59+00:00', '2025-08-01T14:09:11.332371+00:00', '2025-08-01T14:09:11.332371+00:00');
INSERT INTO discount_codes (id, code, type, value, min_amount, max_discount, description, is_active, usage_limit, usage_count, valid_from, valid_until, created_at, updated_at) VALUES ('399521c7-97ad-43d7-b31e-eb92a76fdcab', 'PAKISTAN20', 'percentage', 20, 5000, NULL, '20% off on orders above Rs. 5000', true, 200, 0, '2025-08-01T14:09:11.332371+00:00', '2024-12-15T23:59:59+00:00', '2025-08-01T14:09:11.332371+00:00', '2025-08-01T14:09:11.332371+00:00');
INSERT INTO discount_codes (id, code, type, value, min_amount, max_discount, description, is_active, usage_limit, usage_count, valid_from, valid_until, created_at, updated_at) VALUES ('b3676485-05a9-4189-b916-487df95e6cd5', 'FLASH50', 'fixed', 1000, 3000, NULL, 'Rs. 1000 off flash sale', true, 100, 0, '2025-08-01T14:09:11.332371+00:00', '2024-10-31T23:59:59+00:00', '2025-08-01T14:09:11.332371+00:00', '2025-08-01T14:09:11.332371+00:00');
INSERT INTO discount_codes (id, code, type, value, min_amount, max_discount, description, is_active, usage_limit, usage_count, valid_from, valid_until, created_at, updated_at) VALUES ('407cfd3c-554e-4cb0-882d-078ac52f5089', 'NEWUSER', 'percentage', 15, 500, NULL, '15% off for new users', true, 1000, 0, '2025-08-01T14:09:11.332371+00:00', '2024-12-31T23:59:59+00:00', '2025-08-01T14:09:11.332371+00:00', '2025-08-01T14:09:11.332371+00:00');
INSERT INTO discount_codes (id, code, type, value, min_amount, max_discount, description, is_active, usage_limit, usage_count, valid_from, valid_until, created_at, updated_at) VALUES ('4cc84bbe-bac7-4aaf-8c4d-8e46e85f52c4', 'LOYALTY25', 'percentage', 25, 10000, NULL, '25% off for loyal customers', true, 50, 0, '2025-08-01T14:09:11.332371+00:00', '2024-12-31T23:59:59+00:00', '2025-08-01T14:09:11.332371+00:00', '2025-08-01T14:09:11.332371+00:00');

-- =====================================================
-- CHARITIES DATA
-- =====================================================

INSERT INTO charities (id, name, description, category, logo_url, website_url, contact_email, contact_phone, address, city, province, target_amount, raised_amount, is_active, verification_status, created_at, updated_at) VALUES ('1e66e992-65d0-456b-ac6f-842a2869afbc', 'Edhi Foundation', 'Providing emergency medical services and social welfare across Pakistan', 'Healthcare', 'https://edhi.org/logo.png', 'https://edhi.org', 'info@edhi.org', '+92-21-111-111-111', 'Mithadar, Karachi', 'Karachi', 'Sindh', 500000, 125000, true, 'verified', '2025-08-01T14:09:11.332371+00:00', '2025-08-01T14:09:11.332371+00:00');
INSERT INTO charities (id, name, description, category, logo_url, website_url, contact_email, contact_phone, address, city, province, target_amount, raised_amount, is_active, verification_status, created_at, updated_at) VALUES ('725d0643-56b5-4224-ad31-af6370a49974', 'Shaukat Khanum Memorial Hospital', 'Cancer treatment and research center providing free treatment', 'Healthcare', 'https://shaukatkhanum.org.pk/logo.png', 'https://shaukatkhanum.org.pk', 'info@shaukatkhanum.org.pk', '+92-42-3590-0000', 'Johar Town, Lahore', 'Lahore', 'Punjab', 1000000, 750000, true, 'verified', '2025-08-01T14:09:11.332371+00:00', '2025-08-01T14:09:11.332371+00:00');
INSERT INTO charities (id, name, description, category, logo_url, website_url, contact_email, contact_phone, address, city, province, target_amount, raised_amount, is_active, verification_status, created_at, updated_at) VALUES ('24068f15-aa87-40eb-afa3-fcf9455cfc61', 'Saylani Welfare Trust', 'Food distribution and social services for underprivileged', 'Social Welfare', 'https://saylaniwelfare.org/logo.png', 'https://saylaniwelfare.org', 'info@saylaniwelfare.org', '+92-21-111-111-222', 'Gulshan-e-Iqbal, Karachi', 'Karachi', 'Sindh', 300000, 180000, true, 'verified', '2025-08-01T14:09:11.332371+00:00', '2025-08-01T14:09:11.332371+00:00');
INSERT INTO charities (id, name, description, category, logo_url, website_url, contact_email, contact_phone, address, city, province, target_amount, raised_amount, is_active, verification_status, created_at, updated_at) VALUES ('e4e8105e-de9c-4700-9fe2-4ae38f1733b3', 'TCF Foundation', 'Quality education for underprivileged children', 'Education', 'https://tcf.org.pk/logo.png', 'https://tcf.org.pk', 'info@tcf.org.pk', '+92-21-111-111-333', 'Clifton, Karachi', 'Karachi', 'Sindh', 800000, 450000, true, 'verified', '2025-08-01T14:09:11.332371+00:00', '2025-08-01T14:09:11.332371+00:00');
INSERT INTO charities (id, name, description, category, logo_url, website_url, contact_email, contact_phone, address, city, province, target_amount, raised_amount, is_active, verification_status, created_at, updated_at) VALUES ('e71a6cf7-15d7-468e-98ac-bc64f6bbecb1', 'WaterAid Pakistan', 'Clean water and sanitation projects', 'Environment', 'https://wateraid.org/pk/logo.png', 'https://wateraid.org/pk', 'info@wateraid.org.pk', '+92-51-111-111-444', 'F-7, Islamabad', 'Islamabad', 'Federal', 400000, 220000, true, 'verified', '2025-08-01T14:09:11.332371+00:00', '2025-08-01T14:09:11.332371+00:00');
INSERT INTO charities (id, name, description, category, logo_url, website_url, contact_email, contact_phone, address, city, province, target_amount, raised_amount, is_active, verification_status, created_at, updated_at) VALUES ('90b7a85a-e558-4947-b219-0e49214f1440', 'Shelter Homes Pakistan', 'Housing for homeless families and emergency shelters', 'Housing', 'https://shelterhomes.pk/logo.png', 'https://shelterhomes.pk', 'info@shelterhomes.pk', '+92-51-111-111-555', 'G-8, Islamabad', 'Islamabad', 'Federal', 600000, 320000, true, 'verified', '2025-08-01T14:09:11.332371+00:00', '2025-08-01T14:09:11.332371+00:00');

-- =====================================================
-- DONATIONS DATA
-- =====================================================

-- No donations data found

-- =====================================================
-- DONATION IMPACT DATA
-- =====================================================

INSERT INTO donation_impact (id, charity_id, impact_type, description, people_helped, projects_completed, amount_required, achieved_at) VALUES ('f32883d4-1464-4531-94f3-83b5a9a7f758', '1e66e992-65d0-456b-ac6f-842a2869afbc', 'Emergency Services', 'Provided emergency medical services to 500+ patients', 500, 10, 50000, '2025-08-01T14:09:11.332371+00:00');
INSERT INTO donation_impact (id, charity_id, impact_type, description, people_helped, projects_completed, amount_required, achieved_at) VALUES ('62e266b2-80b4-4639-b123-ce9639d706b2', '725d0643-56b5-4224-ad31-af6370a49974', 'Cancer Treatment', 'Free cancer treatment for 100+ patients', 100, 5, 200000, '2025-08-01T14:09:11.332371+00:00');
INSERT INTO donation_impact (id, charity_id, impact_type, description, people_helped, projects_completed, amount_required, achieved_at) VALUES ('37439138-ffd5-4b40-94af-35133fe2bfc5', '24068f15-aa87-40eb-afa3-fcf9455cfc61', 'Food Distribution', 'Distributed 10,000+ meals to flood-affected families', 10000, 15, 150000, '2025-08-01T14:09:11.332371+00:00');
INSERT INTO donation_impact (id, charity_id, impact_type, description, people_helped, projects_completed, amount_required, achieved_at) VALUES ('b0436c3b-c60d-4851-b744-0f78ad832039', 'e4e8105e-de9c-4700-9fe2-4ae38f1733b3', 'Education', 'Provided quality education to 500+ children', 500, 8, 300000, '2025-08-01T14:09:11.332371+00:00');
INSERT INTO donation_impact (id, charity_id, impact_type, description, people_helped, projects_completed, amount_required, achieved_at) VALUES ('ac9ef42e-7af6-4cfa-8a7d-7d9381c94ab1', 'e71a6cf7-15d7-468e-98ac-bc64f6bbecb1', 'Water Projects', 'Built 20 water wells serving 2000+ people', 2000, 20, 100000, '2025-08-01T14:09:11.332371+00:00');
INSERT INTO donation_impact (id, charity_id, impact_type, description, people_helped, projects_completed, amount_required, achieved_at) VALUES ('869788df-b784-4e7d-95a9-382b066152da', '90b7a85a-e558-4947-b219-0e49214f1440', 'Housing', 'Provided emergency shelter to 100+ families', 100, 12, 250000, '2025-08-01T14:09:11.332371+00:00');

-- =====================================================
-- DISCOUNT USAGE DATA
-- =====================================================

-- No discount usage data found

-- =====================================================
-- BACKUP COMPLETE
-- =====================================================
-- This file contains your actual data extracted from Supabase
-- Total records extracted:
-- Categories: 5
-- Products: 23
-- Orders: 0
-- Order Items: 0
-- Cart Items: 0
-- Profiles: 0
-- Discount Codes: 6
-- Charities: 6
-- Donations: 0
-- Donation Impact: 6
-- Discount Usage: 0
-- Live Demo: https://shop-pakistan.vercel.app/
